title,price,imageApple iPhone 16 (White. 128 GB),₹69,999,https://rukminim2.flixcart.com/image/312/312/xif0q/mobile/g/v/p/-original-imah4jyfveygyubc.jpeg?q=70
Apple iPhone 15 (Black. 128 GB),₹64,900,https://rukminim2.flixcart.com/image/312/312/xif0q/mobile/h/d/9/-original-imagtc2qzgnnuhxh.jpeg?q=70
Apple iPhone 16 (Black. 128 GB),₹69,999,https://rukminim2.flixcart.com/image/312/312/xif0q/mobile/8/w/5/-original-imah4jyfwr3bfjbg.jpeg?q=70
Apple iPhone 16 (Ultramarine. 128 GB),₹69,999,https://rukminim2.flixcart.com/image/312/312/xif0q/mobile/q/n/s/-original-imah4jyfrgsbebg9.jpeg?q=70
Apple iPhone 13 (Starlight. 128 GB),₹44,999,https://rukminim2.flixcart.com/image/312/312/ktketu80/mobile/6/n/d/iphone-13-mlpg3hn-a-apple-original-imag6vpyghayhhrh.jpeg?q=70
Apple iPhone 16 (Teal. 256 GB),₹79,999,https://rukminim2.flixcart.com/image/312/312/xif0q/mobile/r/k/a/-original-imah4jyfyrpxfhtk.jpeg?q=70
Apple iPhone 14 (Starlight. 128 GB),₹52,990,https://rukminim2.flixcart.com/image/312/312/xif0q/mobile/m/o/b/-original-imaghx9qkugtbfrn.jpeg?q=70
Apple iPhone 16 (Teal. 128 GB),₹69,999,https://rukminim2.flixcart.com/image/312/312/xif0q/mobile/r/k/a/-original-imah4jyfyrpxfhtk.jpeg?q=70
Apple iPhone 16 (White. 256 GB),₹79,999,https://rukminim2.flixcart.com/image/312/312/xif0q/mobile/g/v/p/-original-imah4jyfveygyubc.jpeg?q=70
Apple iPhone 13 (Midnight. 128 GB),₹44,999,https://rukminim2.flixcart.com/image/312/312/ktketu80/mobile/s/l/c/iphone-13-mlpf3hn-a-apple-original-imag6vzz5qvejz8z.jpeg?q=70
Apple iPhone 16 (Black. 256 GB),₹79,999,https://rukminim2.flixcart.com/image/312/312/xif0q/mobile/8/w/5/-original-imah4jyfwr3bfjbg.jpeg?q=70
Apple iPhone 13 (Blue. 128 GB),₹44,999,https://rukminim2.flixcart.com/image/312/312/ktketu80/mobile/2/y/o/iphone-13-mlpk3hn-a-apple-original-imag6vpyur6hjngg.jpeg?q=70
Apple iPhone 16 (Pink. 256 GB),₹79,999,https://rukminim2.flixcart.com/image/312/312/xif0q/mobile/c/v/p/-original-imah4jyfcjgcghqs.jpeg?q=70
Apple iPhone 16e (White. 256 GB),₹64,900,https://rukminim2.flixcart.com/image/312/312/xif0q/mobile/u/r/r/-original-imah9khh8wgzdafb.jpeg?q=70
Apple iPhone 14 (Midnight. 128 GB),₹52,990,https://rukminim2.flixcart.com/image/312/312/xif0q/mobile/9/e/e/-original-imaghx9q5rvcdghy.jpeg?q=70
Apple iPhone 16 Plus (Black. 256 GB),₹89,999,https://rukminim2.flixcart.com/image/312/312/xif0q/mobile/f/y/e/-original-imah4jykc3knhq3b.jpeg?q=70
Apple iPhone 16e (Black. 128 GB),₹54,900,https://rukminim2.flixcart.com/image/312/312/xif0q/mobile/1/p/c/-original-imah9khhnfvstqka.jpeg?q=70
Apple iPhone 16 (Pink. 128 GB),₹69,999,https://rukminim2.flixcart.com/image/312/312/xif0q/mobile/c/v/p/-original-imah4jyfcjgcghqs.jpeg?q=70
Apple iPhone 16 Plus (Teal. 128 GB),₹79,999,https://rukminim2.flixcart.com/image/312/312/xif0q/mobile/t/8/p/-original-imah4jykf9e4a244.jpeg?q=70
Apple iPhone 14 (Blue. 128 GB),₹52,990,https://rukminim2.flixcart.com/image/312/312/xif0q/mobile/3/5/l/-original-imaghx9qmgqsk9s4.jpeg?q=70
Apple iPhone 16 Plus (Black. 128 GB),₹79,999,https://rukminim2.flixcart.com/image/312/312/xif0q/mobile/f/y/e/-original-imah4jykc3knhq3b.jpeg?q=70
Apple iPhone 15 Plus (Black. 128 GB),₹71,999,https://rukminim2.flixcart.com/image/312/312/xif0q/mobile/h/d/9/-original-imagtc2qzgnnuhxh.jpeg?q=70
Apple iPhone 15 (Green. 128 GB),₹64,900,https://rukminim2.flixcart.com/image/312/312/xif0q/mobile/j/z/3/-original-imagtc5fqyz8tu4c.jpeg?q=70
Apple iPhone 13 (Pink. 128 GB),₹44,999,https://rukminim2.flixcart.com/image/312/312/ktketu80/mobile/8/z/w/iphone-13-mlph3hn-a-apple-original-imag6vzzhrxgazsg.jpeg?q=70
Apple iPhone 16 (White. 128 GB),₹69,999,https://rukminim2.flixcart.com/image/312/312/xif0q/mobile/g/v/p/-original-imah4jyfveygyubc.jpeg?q=70
Apple iPhone 15 (Black. 128 GB),₹64,900,https://rukminim2.flixcart.com/image/312/312/xif0q/mobile/h/d/9/-original-imagtc2qzgnnuhxh.jpeg?q=70
Apple iPhone 16 (Black. 128 GB),₹69,999,https://rukminim2.flixcart.com/image/312/312/xif0q/mobile/8/w/5/-original-imah4jyfwr3bfjbg.jpeg?q=70
Apple iPhone 16 (Ultramarine. 128 GB),₹69,999,https://rukminim2.flixcart.com/image/312/312/xif0q/mobile/q/n/s/-original-imah4jyfrgsbebg9.jpeg?q=70
Apple iPhone 13 (Starlight. 128 GB),₹44,999,https://rukminim2.flixcart.com/image/312/312/ktketu80/mobile/6/n/d/iphone-13-mlpg3hn-a-apple-original-imag6vpyghayhhrh.jpeg?q=70
Apple iPhone 16 (Teal. 256 GB),₹79,999,https://rukminim2.flixcart.com/image/312/312/xif0q/mobile/r/k/a/-original-imah4jyfyrpxfhtk.jpeg?q=70
Apple iPhone 14 (Starlight. 128 GB),₹52,990,https://rukminim2.flixcart.com/image/312/312/xif0q/mobile/m/o/b/-original-imaghx9qkugtbfrn.jpeg?q=70
Apple iPhone 16 (Teal. 128 GB),₹69,999,https://rukminim2.flixcart.com/image/312/312/xif0q/mobile/r/k/a/-original-imah4jyfyrpxfhtk.jpeg?q=70
Apple iPhone 16 (White. 256 GB),₹79,999,https://rukminim2.flixcart.com/image/312/312/xif0q/mobile/g/v/p/-original-imah4jyfveygyubc.jpeg?q=70
Apple iPhone 13 (Midnight. 128 GB),₹44,999,https://rukminim2.flixcart.com/image/312/312/ktketu80/mobile/s/l/c/iphone-13-mlpf3hn-a-apple-original-imag6vzz5qvejz8z.jpeg?q=70
Apple iPhone 16 (Black. 256 GB),₹79,999,https://rukminim2.flixcart.com/image/312/312/xif0q/mobile/8/w/5/-original-imah4jyfwr3bfjbg.jpeg?q=70
Apple iPhone 13 (Blue. 128 GB),₹44,999,https://rukminim2.flixcart.com/image/312/312/ktketu80/mobile/2/y/o/iphone-13-mlpk3hn-a-apple-original-imag6vpyur6hjngg.jpeg?q=70
Apple iPhone 16 (Pink. 256 GB),₹79,999,https://rukminim2.flixcart.com/image/312/312/xif0q/mobile/c/v/p/-original-imah4jyfcjgcghqs.jpeg?q=70
Apple iPhone 16e (White. 256 GB),₹64,900,https://rukminim2.flixcart.com/image/312/312/xif0q/mobile/u/r/r/-original-imah9khh8wgzdafb.jpeg?q=70
Apple iPhone 14 (Midnight. 128 GB),₹52,990,https://rukminim2.flixcart.com/image/312/312/xif0q/mobile/9/e/e/-original-imaghx9q5rvcdghy.jpeg?q=70
Apple iPhone 16 Plus (Black. 256 GB),₹89,999,https://rukminim2.flixcart.com/image/312/312/xif0q/mobile/f/y/e/-original-imah4jykc3knhq3b.jpeg?q=70
Apple iPhone 16e (Black. 128 GB),₹54,900,https://rukminim2.flixcart.com/image/312/312/xif0q/mobile/1/p/c/-original-imah9khhnfvstqka.jpeg?q=70
Apple iPhone 16 (Pink. 128 GB),₹69,999,https://rukminim2.flixcart.com/image/312/312/xif0q/mobile/c/v/p/-original-imah4jyfcjgcghqs.jpeg?q=70
Apple iPhone 16 Plus (Teal. 128 GB),₹79,999,https://rukminim2.flixcart.com/image/312/312/xif0q/mobile/t/8/p/-original-imah4jykf9e4a244.jpeg?q=70
Apple iPhone 14 (Blue. 128 GB),₹52,990,https://rukminim2.flixcart.com/image/312/312/xif0q/mobile/3/5/l/-original-imaghx9qmgqsk9s4.jpeg?q=70
Apple iPhone 16 Plus (Black. 128 GB),₹79,999,https://rukminim2.flixcart.com/image/312/312/xif0q/mobile/f/y/e/-original-imah4jykc3knhq3b.jpeg?q=70
Apple iPhone 15 Plus (Black. 128 GB),₹71,999,https://rukminim2.flixcart.com/image/312/312/xif0q/mobile/h/d/9/-original-imagtc2qzgnnuhxh.jpeg?q=70
Apple iPhone 15 (Green. 128 GB),₹64,900,https://rukminim2.flixcart.com/image/312/312/xif0q/mobile/j/z/3/-original-imagtc5fqyz8tu4c.jpeg?q=70
Apple iPhone 13 (Pink. 128 GB),₹44,999,https://rukminim2.flixcart.com/image/312/312/ktketu80/mobile/8/z/w/iphone-13-mlph3hn-a-apple-original-imag6vzzhrxgazsg.jpeg?q=70
